Forename,Surname,Username,Password,Role,Phone,Email
Admin,User,admin,admin,staff-admin,_,_
Ross,Smith,ross.Smith,password,staff,_,_
Jamie,Roberts,jamie.roberts.61,password,client,07888222111,jamie.roberts@example.com
Samantha,May,samantha.may.23,password,client,07111222333,sam.may@example.com
Alex,Milan,alex.milan.51,password,client,07666555444,alex.milan@example.com
John,Doe,john.doe.65,password,supplier-organisation-manager,07999333222,manager@store.com
Gary,Brown,gary.brown.12,password,supplier-organisation,_,_
Richard,Michaels,richard.michaels.61,password,support-organisation-manager,07888999222,richard@council.com
Peter,Parker,peter.parker.17,password,support-organisation,_,_
